id,test_id,test_case_name,sample_id,name_of_method_under_test,epoch_timestamp,human_timestamp,child_path,child_line_number,child_function_name,parent_path,parent_line_number,parent_function_name,number_of_calls,total_time,cumulative_time,total_response_time
50430,WBYRWW9IACR4,exploratory performance test,9IGHT5IA,say_my_name_and_more,1620749614,2021-05-11 18:13:33.671781,C:\Users\joeyh\Documents\Python Projects\python-unit-performance-testing\examples\example_code.py,24,say_my_name_and_more,~,0,9IGHT5IA,1,2.01e-05,0.0107266,0.0111434
50438,WBYRWW9IACR4,exploratory performance test,9IGHT5IA,say_my_name_and_more,1620749614,2021-05-11 18:13:33.671781,C:\Users\joeyh\Documents\Python Projects\python-unit-performance-testing\examples\example_code.py,68,sleep_based_on_name_length,C:\Users\joeyh\Documents\Python Projects\python-unit-performance-testing\examples\example_code.py,24,say_my_name_and_more,1,6.6e-06,0.0106263,0.0111434
50441,WBYRWW9IACR4,exploratory performance test,9IGHT5IA,say_my_name_and_more,1620749614,2021-05-11 18:13:33.671781,~,0,<built-in method time.sleep>,C:\Users\joeyh\Documents\Python Projects\python-unit-performance-testing\examples\example_code.py,68,sleep_based_on_name_length,1,0.0106046,0.0106046,0.0111434
50446,WBYRWW9IACR4,exploratory performance test,9IGHT5IA,say_my_name_and_more,1620749614,2021-05-11 18:13:33.671781,~,0,<built-in method builtins.print>,C:\Users\joeyh\Documents\Python Projects\python-unit-performance-testing\examples\example_code.py,24,say_my_name_and_more,8,6.58e-05,6.58e-05,0.0111434
50447,WBYRWW9IACR4,exploratory performance test,9IGHT5IA,say_my_name_and_more,1620749614,2021-05-11 18:13:33.671781,~,0,<built-in method builtins.print>,C:\Users\joeyh\Documents\Python Projects\python-unit-performance-testing\examples\example_code.py,51,show_message_when_name_very_long,8,6.58e-05,6.58e-05,0.0111434
50448,WBYRWW9IACR4,exploratory performance test,9IGHT5IA,say_my_name_and_more,1620749614,2021-05-11 18:13:33.671781,~,0,<built-in method builtins.print>,C:\Users\joeyh\Documents\Python Projects\python-unit-performance-testing\examples\example_code.py,59,y,8,6.58e-05,6.58e-05,0.0111434
50432,WBYRWW9IACR4,exploratory performance test,9IGHT5IA,say_my_name_and_more,1620749614,2021-05-11 18:13:33.671781,C:\Users\joeyh\Documents\Python Projects\python-unit-performance-testing\examples\example_code.py,40,length_of_name,C:\Users\joeyh\Documents\Python Projects\python-unit-performance-testing\examples\example_code.py,24,say_my_name_and_more,2,4.5e-06,3.71e-05,0.0111434
50433,WBYRWW9IACR4,exploratory performance test,9IGHT5IA,say_my_name_and_more,1620749614,2021-05-11 18:13:33.671781,C:\Users\joeyh\Documents\Python Projects\python-unit-performance-testing\examples\example_code.py,40,length_of_name,C:\Users\joeyh\Documents\Python Projects\python-unit-performance-testing\examples\example_code.py,68,sleep_based_on_name_length,2,4.5e-06,3.71e-05,0.0111434
50434,WBYRWW9IACR4,exploratory performance test,9IGHT5IA,say_my_name_and_more,1620749614,2021-05-11 18:13:33.671781,C:\Users\joeyh\Documents\Python Projects\python-unit-performance-testing\examples\example_code.py,51,show_message_when_name_very_long,C:\Users\joeyh\Documents\Python Projects\python-unit-performance-testing\examples\example_code.py,40,length_of_name,2,2.7e-06,3.22e-05,0.0111434
50435,WBYRWW9IACR4,exploratory performance test,9IGHT5IA,say_my_name_and_more,1620749614,2021-05-11 18:13:33.671781,C:\Users\joeyh\Documents\Python Projects\python-unit-performance-testing\examples\example_code.py,55,x,C:\Users\joeyh\Documents\Python Projects\python-unit-performance-testing\examples\example_code.py,51,show_message_when_name_very_long,2,1.8e-06,1.68e-05,0.0111434
50436,WBYRWW9IACR4,exploratory performance test,9IGHT5IA,say_my_name_and_more,1620749614,2021-05-11 18:13:33.671781,C:\Users\joeyh\Documents\Python Projects\python-unit-performance-testing\examples\example_code.py,59,y,C:\Users\joeyh\Documents\Python Projects\python-unit-performance-testing\examples\example_code.py,55,x,2,2.9e-06,1.5e-05,0.0111434
50431,WBYRWW9IACR4,exploratory performance test,9IGHT5IA,say_my_name_and_more,1620749614,2021-05-11 18:13:33.671781,C:\Users\joeyh\Documents\Python Projects\python-unit-performance-testing\examples\example_code.py,31,capitalize_name,C:\Users\joeyh\Documents\Python Projects\python-unit-performance-testing\examples\example_code.py,24,say_my_name_and_more,1,1.02e-05,1.2e-05,0.0111434
50440,WBYRWW9IACR4,exploratory performance test,9IGHT5IA,say_my_name_and_more,1620749614,2021-05-11 18:13:33.671781,C:\Users\joeyh\Documents\Python Projects\python-unit-performance-testing\examples\example_code.py,87,lowercase_name,C:\Users\joeyh\Documents\Python Projects\python-unit-performance-testing\examples\example_code.py,24,say_my_name_and_more,1,2.3e-06,2.6e-06,0.0111434
50439,WBYRWW9IACR4,exploratory performance test,9IGHT5IA,say_my_name_and_more,1620749614,2021-05-11 18:13:33.671781,C:\Users\joeyh\Documents\Python Projects\python-unit-performance-testing\examples\example_code.py,78,uppercase_name,C:\Users\joeyh\Documents\Python Projects\python-unit-performance-testing\examples\example_code.py,24,say_my_name_and_more,1,1.7e-06,2.1e-06,0.0111434
50442,WBYRWW9IACR4,exploratory performance test,9IGHT5IA,say_my_name_and_more,1620749614,2021-05-11 18:13:33.671781,~,0,<method 'capitalize' of 'str' objects>,C:\Users\joeyh\Documents\Python Projects\python-unit-performance-testing\examples\example_code.py,31,capitalize_name,1,1.8e-06,1.8e-06,0.0111434
50437,WBYRWW9IACR4,exploratory performance test,9IGHT5IA,say_my_name_and_more,1620749614,2021-05-11 18:13:33.671781,C:\Users\joeyh\Documents\Python Projects\python-unit-performance-testing\examples\example_code.py,64,foo,C:\Users\joeyh\Documents\Python Projects\python-unit-performance-testing\examples\example_code.py,59,y,2,5e-07,5e-07,0.0111434
50444,WBYRWW9IACR4,exploratory performance test,9IGHT5IA,say_my_name_and_more,1620749614,2021-05-11 18:13:33.671781,~,0,<method 'upper' of 'str' objects>,C:\Users\joeyh\Documents\Python Projects\python-unit-performance-testing\examples\example_code.py,78,uppercase_name,1,4e-07,4e-07,0.0111434
50445,WBYRWW9IACR4,exploratory performance test,9IGHT5IA,say_my_name_and_more,1620749614,2021-05-11 18:13:33.671781,~,0,<built-in method builtins.len>,C:\Users\joeyh\Documents\Python Projects\python-unit-performance-testing\examples\example_code.py,40,length_of_name,2,4e-07,4e-07,0.0111434
50443,WBYRWW9IACR4,exploratory performance test,9IGHT5IA,say_my_name_and_more,1620749614,2021-05-11 18:13:33.671781,~,0,<method 'lower' of 'str' objects>,C:\Users\joeyh\Documents\Python Projects\python-unit-performance-testing\examples\example_code.py,87,lowercase_name,1,3e-07,3e-07,0.0111434
50449,WBYRWW9IACR4,exploratory performance test,PMIMHX6A,say_my_name_and_more,1620749614,2021-05-11 18:13:33.751097,C:\Users\joeyh\Documents\Python Projects\python-unit-performance-testing\examples\example_code.py,24,say_my_name_and_more,~,0,PMIMHX6A,1,3.23e-05,0.0114161,0.0121255
50457,WBYRWW9IACR4,exploratory performance test,PMIMHX6A,say_my_name_and_more,1620749614,2021-05-11 18:13:33.751097,C:\Users\joeyh\Documents\Python Projects\python-unit-performance-testing\examples\example_code.py,68,sleep_based_on_name_length,C:\Users\joeyh\Documents\Python Projects\python-unit-performance-testing\examples\example_code.py,24,say_my_name_and_more,1,1.32e-05,0.0112172,0.0121255
50460,WBYRWW9IACR4,exploratory performance test,PMIMHX6A,say_my_name_and_more,1620749614,2021-05-11 18:13:33.751097,~,0,<built-in method time.sleep>,C:\Users\joeyh\Documents\Python Projects\python-unit-performance-testing\examples\example_code.py,68,sleep_based_on_name_length,1,0.0111541,0.0111541,0.0121255
50465,WBYRWW9IACR4,exploratory performance test,PMIMHX6A,say_my_name_and_more,1620749614,2021-05-11 18:13:33.751097,~,0,<built-in method builtins.print>,C:\Users\joeyh\Documents\Python Projects\python-unit-performance-testing\examples\example_code.py,24,say_my_name_and_more,8,0.0001614,0.0001614,0.0121255
50466,WBYRWW9IACR4,exploratory performance test,PMIMHX6A,say_my_name_and_more,1620749614,2021-05-11 18:13:33.751097,~,0,<built-in method builtins.print>,C:\Users\joeyh\Documents\Python Projects\python-unit-performance-testing\examples\example_code.py,51,show_message_when_name_very_long,8,0.0001614,0.0001614,0.0121255
50467,WBYRWW9IACR4,exploratory performance test,PMIMHX6A,say_my_name_and_more,1620749614,2021-05-11 18:13:33.751097,~,0,<built-in method builtins.print>,C:\Users\joeyh\Documents\Python Projects\python-unit-performance-testing\examples\example_code.py,59,y,8,0.0001614,0.0001614,0.0121255
50451,WBYRWW9IACR4,exploratory performance test,PMIMHX6A,say_my_name_and_more,1620749614,2021-05-11 18:13:33.751097,C:\Users\joeyh\Documents\Python Projects\python-unit-performance-testing\examples\example_code.py,40,length_of_name,C:\Users\joeyh\Documents\Python Projects\python-unit-performance-testing\examples\example_code.py,24,say_my_name_and_more,2,1.1e-05,0.0001046,0.0121255
50452,WBYRWW9IACR4,exploratory performance test,PMIMHX6A,say_my_name_and_more,1620749614,2021-05-11 18:13:33.751097,C:\Users\joeyh\Documents\Python Projects\python-unit-performance-testing\examples\example_code.py,40,length_of_name,C:\Users\joeyh\Documents\Python Projects\python-unit-performance-testing\examples\example_code.py,68,sleep_based_on_name_length,2,1.1e-05,0.0001046,0.0121255
50453,WBYRWW9IACR4,exploratory performance test,PMIMHX6A,say_my_name_and_more,1620749614,2021-05-11 18:13:33.751097,C:\Users\joeyh\Documents\Python Projects\python-unit-performance-testing\examples\example_code.py,51,show_message_when_name_very_long,C:\Users\joeyh\Documents\Python Projects\python-unit-performance-testing\examples\example_code.py,40,length_of_name,2,6.7e-06,9.24e-05,0.0121255
50454,WBYRWW9IACR4,exploratory performance test,PMIMHX6A,say_my_name_and_more,1620749614,2021-05-11 18:13:33.751097,C:\Users\joeyh\Documents\Python Projects\python-unit-performance-testing\examples\example_code.py,55,x,C:\Users\joeyh\Documents\Python Projects\python-unit-performance-testing\examples\example_code.py,51,show_message_when_name_very_long,2,4.4e-06,4.5e-05,0.0121255
50455,WBYRWW9IACR4,exploratory performance test,PMIMHX6A,say_my_name_and_more,1620749614,2021-05-11 18:13:33.751097,C:\Users\joeyh\Documents\Python Projects\python-unit-performance-testing\examples\example_code.py,59,y,C:\Users\joeyh\Documents\Python Projects\python-unit-performance-testing\examples\example_code.py,55,x,2,6.9e-06,4.06e-05,0.0121255
50450,WBYRWW9IACR4,exploratory performance test,PMIMHX6A,say_my_name_and_more,1620749614,2021-05-11 18:13:33.751097,C:\Users\joeyh\Documents\Python Projects\python-unit-performance-testing\examples\example_code.py,31,capitalize_name,C:\Users\joeyh\Documents\Python Projects\python-unit-performance-testing\examples\example_code.py,24,say_my_name_and_more,1,9.4e-06,1.27e-05,0.0121255
50459,WBYRWW9IACR4,exploratory performance test,PMIMHX6A,say_my_name_and_more,1620749614,2021-05-11 18:13:33.751097,C:\Users\joeyh\Documents\Python Projects\python-unit-performance-testing\examples\example_code.py,87,lowercase_name,C:\Users\joeyh\Documents\Python Projects\python-unit-performance-testing\examples\example_code.py,24,say_my_name_and_more,1,5e-06,5.8e-06,0.0121255
50458,WBYRWW9IACR4,exploratory performance test,PMIMHX6A,say_my_name_and_more,1620749614,2021-05-11 18:13:33.751097,C:\Users\joeyh\Documents\Python Projects\python-unit-performance-testing\examples\example_code.py,78,uppercase_name,C:\Users\joeyh\Documents\Python Projects\python-unit-performance-testing\examples\example_code.py,24,say_my_name_and_more,1,4e-06,5e-06,0.0121255
50461,WBYRWW9IACR4,exploratory performance test,PMIMHX6A,say_my_name_and_more,1620749614,2021-05-11 18:13:33.751097,~,0,<method 'capitalize' of 'str' objects>,C:\Users\joeyh\Documents\Python Projects\python-unit-performance-testing\examples\example_code.py,31,capitalize_name,1,3.3e-06,3.3e-06,0.0121255
50456,WBYRWW9IACR4,exploratory performance test,PMIMHX6A,say_my_name_and_more,1620749614,2021-05-11 18:13:33.751097,C:\Users\joeyh\Documents\Python Projects\python-unit-performance-testing\examples\example_code.py,64,foo,C:\Users\joeyh\Documents\Python Projects\python-unit-performance-testing\examples\example_code.py,59,y,2,1.4e-06,1.4e-06,0.0121255
50464,WBYRWW9IACR4,exploratory performance test,PMIMHX6A,say_my_name_and_more,1620749614,2021-05-11 18:13:33.751097,~,0,<built-in method builtins.len>,C:\Users\joeyh\Documents\Python Projects\python-unit-performance-testing\examples\example_code.py,40,length_of_name,2,1.2e-06,1.2e-06,0.0121255
50463,WBYRWW9IACR4,exploratory performance test,PMIMHX6A,say_my_name_and_more,1620749614,2021-05-11 18:13:33.751097,~,0,<method 'upper' of 'str' objects>,C:\Users\joeyh\Documents\Python Projects\python-unit-performance-testing\examples\example_code.py,78,uppercase_name,1,1e-06,1e-06,0.0121255
50462,WBYRWW9IACR4,exploratory performance test,PMIMHX6A,say_my_name_and_more,1620749614,2021-05-11 18:13:33.751097,~,0,<method 'lower' of 'str' objects>,C:\Users\joeyh\Documents\Python Projects\python-unit-performance-testing\examples\example_code.py,87,lowercase_name,1,8e-07,8e-07,0.0121255
50468,WBYRWW9IACR4,exploratory performance test,ZXGVIGZF,say_my_name_and_more,1620749614,2021-05-11 18:13:33.829243,C:\Users\joeyh\Documents\Python Projects\python-unit-performance-testing\examples\example_code.py,24,say_my_name_and_more,~,0,ZXGVIGZF,1,1.64e-05,0.0145454,0.0151744
50476,WBYRWW9IACR4,exploratory performance test,ZXGVIGZF,say_my_name_and_more,1620749614,2021-05-11 18:13:33.829243,C:\Users\joeyh\Documents\Python Projects\python-unit-performance-testing\examples\example_code.py,68,sleep_based_on_name_length,C:\Users\joeyh\Documents\Python Projects\python-unit-performance-testing\examples\example_code.py,24,say_my_name_and_more,1,5.6e-06,0.014446,0.0151744
50479,WBYRWW9IACR4,exploratory performance test,ZXGVIGZF,say_my_name_and_more,1620749614,2021-05-11 18:13:33.829243,~,0,<built-in method time.sleep>,C:\Users\joeyh\Documents\Python Projects\python-unit-performance-testing\examples\example_code.py,68,sleep_based_on_name_length,1,0.0144185,0.0144185,0.0151744
50484,WBYRWW9IACR4,exploratory performance test,ZXGVIGZF,say_my_name_and_more,1620749614,2021-05-11 18:13:33.829243,~,0,<built-in method builtins.print>,C:\Users\joeyh\Documents\Python Projects\python-unit-performance-testing\examples\example_code.py,24,say_my_name_and_more,8,7.7e-05,7.7e-05,0.0151744
50485,WBYRWW9IACR4,exploratory performance test,ZXGVIGZF,say_my_name_and_more,1620749614,2021-05-11 18:13:33.829243,~,0,<built-in method builtins.print>,C:\Users\joeyh\Documents\Python Projects\python-unit-performance-testing\examples\example_code.py,51,show_message_when_name_very_long,8,7.7e-05,7.7e-05,0.0151744
50486,WBYRWW9IACR4,exploratory performance test,ZXGVIGZF,say_my_name_and_more,1620749614,2021-05-11 18:13:33.829243,~,0,<built-in method builtins.print>,C:\Users\joeyh\Documents\Python Projects\python-unit-performance-testing\examples\example_code.py,59,y,8,7.7e-05,7.7e-05,0.0151744
50470,WBYRWW9IACR4,exploratory performance test,ZXGVIGZF,say_my_name_and_more,1620749614,2021-05-11 18:13:33.829243,C:\Users\joeyh\Documents\Python Projects\python-unit-performance-testing\examples\example_code.py,40,length_of_name,C:\Users\joeyh\Documents\Python Projects\python-unit-performance-testing\examples\example_code.py,24,say_my_name_and_more,2,5e-06,4.88e-05,0.0151744
50471,WBYRWW9IACR4,exploratory performance test,ZXGVIGZF,say_my_name_and_more,1620749614,2021-05-11 18:13:33.829243,C:\Users\joeyh\Documents\Python Projects\python-unit-performance-testing\examples\example_code.py,40,length_of_name,C:\Users\joeyh\Documents\Python Projects\python-unit-performance-testing\examples\example_code.py,68,sleep_based_on_name_length,2,5e-06,4.88e-05,0.0151744
50472,WBYRWW9IACR4,exploratory performance test,ZXGVIGZF,say_my_name_and_more,1620749614,2021-05-11 18:13:33.829243,C:\Users\joeyh\Documents\Python Projects\python-unit-performance-testing\examples\example_code.py,51,show_message_when_name_very_long,C:\Users\joeyh\Documents\Python Projects\python-unit-performance-testing\examples\example_code.py,40,length_of_name,2,3.1e-06,4.31e-05,0.0151744
50473,WBYRWW9IACR4,exploratory performance test,ZXGVIGZF,say_my_name_and_more,1620749614,2021-05-11 18:13:33.829243,C:\Users\joeyh\Documents\Python Projects\python-unit-performance-testing\examples\example_code.py,55,x,C:\Users\joeyh\Documents\Python Projects\python-unit-performance-testing\examples\example_code.py,51,show_message_when_name_very_long,2,2.3e-06,2.35e-05,0.0151744
50474,WBYRWW9IACR4,exploratory performance test,ZXGVIGZF,say_my_name_and_more,1620749614,2021-05-11 18:13:33.829243,C:\Users\joeyh\Documents\Python Projects\python-unit-performance-testing\examples\example_code.py,59,y,C:\Users\joeyh\Documents\Python Projects\python-unit-performance-testing\examples\example_code.py,55,x,2,4.1e-06,2.12e-05,0.0151744
50469,WBYRWW9IACR4,exploratory performance test,ZXGVIGZF,say_my_name_and_more,1620749614,2021-05-11 18:13:33.829243,C:\Users\joeyh\Documents\Python Projects\python-unit-performance-testing\examples\example_code.py,31,capitalize_name,C:\Users\joeyh\Documents\Python Projects\python-unit-performance-testing\examples\example_code.py,24,say_my_name_and_more,1,4.9e-06,6.5e-06,0.0151744
50478,WBYRWW9IACR4,exploratory performance test,ZXGVIGZF,say_my_name_and_more,1620749614,2021-05-11 18:13:33.829243,C:\Users\joeyh\Documents\Python Projects\python-unit-performance-testing\examples\example_code.py,87,lowercase_name,C:\Users\joeyh\Documents\Python Projects\python-unit-performance-testing\examples\example_code.py,24,say_my_name_and_more,1,2.5e-06,3e-06,0.0151744
50477,WBYRWW9IACR4,exploratory performance test,ZXGVIGZF,say_my_name_and_more,1620749614,2021-05-11 18:13:33.829243,C:\Users\joeyh\Documents\Python Projects\python-unit-performance-testing\examples\example_code.py,78,uppercase_name,C:\Users\joeyh\Documents\Python Projects\python-unit-performance-testing\examples\example_code.py,24,say_my_name_and_more,1,1.9e-06,2.5e-06,0.0151744
50480,WBYRWW9IACR4,exploratory performance test,ZXGVIGZF,say_my_name_and_more,1620749614,2021-05-11 18:13:33.829243,~,0,<method 'capitalize' of 'str' objects>,C:\Users\joeyh\Documents\Python Projects\python-unit-performance-testing\examples\example_code.py,31,capitalize_name,1,1.6e-06,1.6e-06,0.0151744
50475,WBYRWW9IACR4,exploratory performance test,ZXGVIGZF,say_my_name_and_more,1620749614,2021-05-11 18:13:33.829243,C:\Users\joeyh\Documents\Python Projects\python-unit-performance-testing\examples\example_code.py,64,foo,C:\Users\joeyh\Documents\Python Projects\python-unit-performance-testing\examples\example_code.py,59,y,2,7e-07,7e-07,0.0151744
50483,WBYRWW9IACR4,exploratory performance test,ZXGVIGZF,say_my_name_and_more,1620749614,2021-05-11 18:13:33.829243,~,0,<built-in method builtins.len>,C:\Users\joeyh\Documents\Python Projects\python-unit-performance-testing\examples\example_code.py,40,length_of_name,2,7e-07,7e-07,0.0151744
50482,WBYRWW9IACR4,exploratory performance test,ZXGVIGZF,say_my_name_and_more,1620749614,2021-05-11 18:13:33.829243,~,0,<method 'upper' of 'str' objects>,C:\Users\joeyh\Documents\Python Projects\python-unit-performance-testing\examples\example_code.py,78,uppercase_name,1,6e-07,6e-07,0.0151744
50481,WBYRWW9IACR4,exploratory performance test,ZXGVIGZF,say_my_name_and_more,1620749614,2021-05-11 18:13:33.829243,~,0,<method 'lower' of 'str' objects>,C:\Users\joeyh\Documents\Python Projects\python-unit-performance-testing\examples\example_code.py,87,lowercase_name,1,5e-07,5e-07,0.0151744
50487,WBYRWW9IACR4,exploratory performance test,UCN52TQJ,say_my_name_and_more,1620749614,2021-05-11 18:13:33.892351,C:\Users\joeyh\Documents\Python Projects\python-unit-performance-testing\examples\example_code.py,24,say_my_name_and_more,~,0,UCN52TQJ,1,3.23e-05,0.002252,0.00303984
50495,WBYRWW9IACR4,exploratory performance test,UCN52TQJ,say_my_name_and_more,1620749614,2021-05-11 18:13:33.892351,C:\Users\joeyh\Documents\Python Projects\python-unit-performance-testing\examples\example_code.py,68,sleep_based_on_name_length,C:\Users\joeyh\Documents\Python Projects\python-unit-performance-testing\examples\example_code.py,24,say_my_name_and_more,1,1.22e-05,0.0020432,0.00303984
50498,WBYRWW9IACR4,exploratory performance test,UCN52TQJ,say_my_name_and_more,1620749614,2021-05-11 18:13:33.892351,~,0,<built-in method time.sleep>,C:\Users\joeyh\Documents\Python Projects\python-unit-performance-testing\examples\example_code.py,68,sleep_based_on_name_length,1,0.0019864,0.0019864,0.00303984
50503,WBYRWW9IACR4,exploratory performance test,UCN52TQJ,say_my_name_and_more,1620749614,2021-05-11 18:13:33.892351,~,0,<built-in method builtins.print>,C:\Users\joeyh\Documents\Python Projects\python-unit-performance-testing\examples\example_code.py,24,say_my_name_and_more,8,0.0001569,0.0001569,0.00303984
50504,WBYRWW9IACR4,exploratory performance test,UCN52TQJ,say_my_name_and_more,1620749614,2021-05-11 18:13:33.892351,~,0,<built-in method builtins.print>,C:\Users\joeyh\Documents\Python Projects\python-unit-performance-testing\examples\example_code.py,51,show_message_when_name_very_long,8,0.0001569,0.0001569,0.00303984
50505,WBYRWW9IACR4,exploratory performance test,UCN52TQJ,say_my_name_and_more,1620749614,2021-05-11 18:13:33.892351,~,0,<built-in method builtins.print>,C:\Users\joeyh\Documents\Python Projects\python-unit-performance-testing\examples\example_code.py,59,y,8,0.0001569,0.0001569,0.00303984
50489,WBYRWW9IACR4,exploratory performance test,UCN52TQJ,say_my_name_and_more,1620749614,2021-05-11 18:13:33.892351,C:\Users\joeyh\Documents\Python Projects\python-unit-performance-testing\examples\example_code.py,40,length_of_name,C:\Users\joeyh\Documents\Python Projects\python-unit-performance-testing\examples\example_code.py,24,say_my_name_and_more,2,1.67e-05,0.0001064,0.00303984
50490,WBYRWW9IACR4,exploratory performance test,UCN52TQJ,say_my_name_and_more,1620749614,2021-05-11 18:13:33.892351,C:\Users\joeyh\Documents\Python Projects\python-unit-performance-testing\examples\example_code.py,40,length_of_name,C:\Users\joeyh\Documents\Python Projects\python-unit-performance-testing\examples\example_code.py,68,sleep_based_on_name_length,2,1.67e-05,0.0001064,0.00303984
50491,WBYRWW9IACR4,exploratory performance test,UCN52TQJ,say_my_name_and_more,1620749614,2021-05-11 18:13:33.892351,C:\Users\joeyh\Documents\Python Projects\python-unit-performance-testing\examples\example_code.py,51,show_message_when_name_very_long,C:\Users\joeyh\Documents\Python Projects\python-unit-performance-testing\examples\example_code.py,40,length_of_name,2,7.9e-06,8.85e-05,0.00303984
50492,WBYRWW9IACR4,exploratory performance test,UCN52TQJ,say_my_name_and_more,1620749614,2021-05-11 18:13:33.892351,C:\Users\joeyh\Documents\Python Projects\python-unit-performance-testing\examples\example_code.py,55,x,C:\Users\joeyh\Documents\Python Projects\python-unit-performance-testing\examples\example_code.py,51,show_message_when_name_very_long,2,5.1e-06,4.71e-05,0.00303984
50493,WBYRWW9IACR4,exploratory performance test,UCN52TQJ,say_my_name_and_more,1620749614,2021-05-11 18:13:33.892351,C:\Users\joeyh\Documents\Python Projects\python-unit-performance-testing\examples\example_code.py,59,y,C:\Users\joeyh\Documents\Python Projects\python-unit-performance-testing\examples\example_code.py,55,x,2,7.4e-06,4.2e-05,0.00303984
50488,WBYRWW9IACR4,exploratory performance test,UCN52TQJ,say_my_name_and_more,1620749614,2021-05-11 18:13:33.892351,C:\Users\joeyh\Documents\Python Projects\python-unit-performance-testing\examples\example_code.py,31,capitalize_name,C:\Users\joeyh\Documents\Python Projects\python-unit-performance-testing\examples\example_code.py,24,say_my_name_and_more,1,9.3e-06,1.25e-05,0.00303984
50497,WBYRWW9IACR4,exploratory performance test,UCN52TQJ,say_my_name_and_more,1620749614,2021-05-11 18:13:33.892351,C:\Users\joeyh\Documents\Python Projects\python-unit-performance-testing\examples\example_code.py,87,lowercase_name,C:\Users\joeyh\Documents\Python Projects\python-unit-performance-testing\examples\example_code.py,24,say_my_name_and_more,1,5.5e-06,6.5e-06,0.00303984
50496,WBYRWW9IACR4,exploratory performance test,UCN52TQJ,say_my_name_and_more,1620749614,2021-05-11 18:13:33.892351,C:\Users\joeyh\Documents\Python Projects\python-unit-performance-testing\examples\example_code.py,78,uppercase_name,C:\Users\joeyh\Documents\Python Projects\python-unit-performance-testing\examples\example_code.py,24,say_my_name_and_more,1,4.2e-06,5.1e-06,0.00303984
50499,WBYRWW9IACR4,exploratory performance test,UCN52TQJ,say_my_name_and_more,1620749614,2021-05-11 18:13:33.892351,~,0,<method 'capitalize' of 'str' objects>,C:\Users\joeyh\Documents\Python Projects\python-unit-performance-testing\examples\example_code.py,31,capitalize_name,1,3.2e-06,3.2e-06,0.00303984
50494,WBYRWW9IACR4,exploratory performance test,UCN52TQJ,say_my_name_and_more,1620749614,2021-05-11 18:13:33.892351,C:\Users\joeyh\Documents\Python Projects\python-unit-performance-testing\examples\example_code.py,64,foo,C:\Users\joeyh\Documents\Python Projects\python-unit-performance-testing\examples\example_code.py,59,y,2,1.8e-06,1.8e-06,0.00303984
50502,WBYRWW9IACR4,exploratory performance test,UCN52TQJ,say_my_name_and_more,1620749614,2021-05-11 18:13:33.892351,~,0,<built-in method builtins.len>,C:\Users\joeyh\Documents\Python Projects\python-unit-performance-testing\examples\example_code.py,40,length_of_name,2,1.2e-06,1.2e-06,0.00303984
50500,WBYRWW9IACR4,exploratory performance test,UCN52TQJ,say_my_name_and_more,1620749614,2021-05-11 18:13:33.892351,~,0,<method 'lower' of 'str' objects>,C:\Users\joeyh\Documents\Python Projects\python-unit-performance-testing\examples\example_code.py,87,lowercase_name,1,1e-06,1e-06,0.00303984
50501,WBYRWW9IACR4,exploratory performance test,UCN52TQJ,say_my_name_and_more,1620749614,2021-05-11 18:13:33.892351,~,0,<method 'upper' of 'str' objects>,C:\Users\joeyh\Documents\Python Projects\python-unit-performance-testing\examples\example_code.py,78,uppercase_name,1,9e-07,9e-07,0.00303984
50506,WBYRWW9IACR4,exploratory performance test,ARASD4G1,say_my_name_and_more,1620749614,2021-05-11 18:13:33.970386,C:\Users\joeyh\Documents\Python Projects\python-unit-performance-testing\examples\example_code.py,24,say_my_name_and_more,~,0,ARASD4G1,1,3.22e-05,0.014956,0.015008
50514,WBYRWW9IACR4,exploratory performance test,ARASD4G1,say_my_name_and_more,1620749614,2021-05-11 18:13:33.970386,C:\Users\joeyh\Documents\Python Projects\python-unit-performance-testing\examples\example_code.py,68,sleep_based_on_name_length,C:\Users\joeyh\Documents\Python Projects\python-unit-performance-testing\examples\example_code.py,24,say_my_name_and_more,1,1.24e-05,0.0147548,0.015008
50517,WBYRWW9IACR4,exploratory performance test,ARASD4G1,say_my_name_and_more,1620749614,2021-05-11 18:13:33.970386,~,0,<built-in method time.sleep>,C:\Users\joeyh\Documents\Python Projects\python-unit-performance-testing\examples\example_code.py,68,sleep_based_on_name_length,1,0.0146984,0.0146984,0.015008
50522,WBYRWW9IACR4,exploratory performance test,ARASD4G1,say_my_name_and_more,1620749614,2021-05-11 18:13:33.970386,~,0,<built-in method builtins.print>,C:\Users\joeyh\Documents\Python Projects\python-unit-performance-testing\examples\example_code.py,24,say_my_name_and_more,8,0.0001582,0.0001582,0.015008
50523,WBYRWW9IACR4,exploratory performance test,ARASD4G1,say_my_name_and_more,1620749614,2021-05-11 18:13:33.970386,~,0,<built-in method builtins.print>,C:\Users\joeyh\Documents\Python Projects\python-unit-performance-testing\examples\example_code.py,51,show_message_when_name_very_long,8,0.0001582,0.0001582,0.015008
50524,WBYRWW9IACR4,exploratory performance test,ARASD4G1,say_my_name_and_more,1620749614,2021-05-11 18:13:33.970386,~,0,<built-in method builtins.print>,C:\Users\joeyh\Documents\Python Projects\python-unit-performance-testing\examples\example_code.py,59,y,8,0.0001582,0.0001582,0.015008
50508,WBYRWW9IACR4,exploratory performance test,ARASD4G1,say_my_name_and_more,1620749614,2021-05-11 18:13:33.970386,C:\Users\joeyh\Documents\Python Projects\python-unit-performance-testing\examples\example_code.py,40,length_of_name,C:\Users\joeyh\Documents\Python Projects\python-unit-performance-testing\examples\example_code.py,24,say_my_name_and_more,2,1.03e-05,9.87e-05,0.015008
50509,WBYRWW9IACR4,exploratory performance test,ARASD4G1,say_my_name_and_more,1620749614,2021-05-11 18:13:33.970386,C:\Users\joeyh\Documents\Python Projects\python-unit-performance-testing\examples\example_code.py,40,length_of_name,C:\Users\joeyh\Documents\Python Projects\python-unit-performance-testing\examples\example_code.py,68,sleep_based_on_name_length,2,1.03e-05,9.87e-05,0.015008
50510,WBYRWW9IACR4,exploratory performance test,ARASD4G1,say_my_name_and_more,1620749614,2021-05-11 18:13:33.970386,C:\Users\joeyh\Documents\Python Projects\python-unit-performance-testing\examples\example_code.py,51,show_message_when_name_very_long,C:\Users\joeyh\Documents\Python Projects\python-unit-performance-testing\examples\example_code.py,40,length_of_name,2,6.6e-06,8.72e-05,0.015008
50511,WBYRWW9IACR4,exploratory performance test,ARASD4G1,say_my_name_and_more,1620749614,2021-05-11 18:13:33.970386,C:\Users\joeyh\Documents\Python Projects\python-unit-performance-testing\examples\example_code.py,55,x,C:\Users\joeyh\Documents\Python Projects\python-unit-performance-testing\examples\example_code.py,51,show_message_when_name_very_long,2,4.3e-06,4.52e-05,0.015008
50512,WBYRWW9IACR4,exploratory performance test,ARASD4G1,say_my_name_and_more,1620749614,2021-05-11 18:13:33.970386,C:\Users\joeyh\Documents\Python Projects\python-unit-performance-testing\examples\example_code.py,59,y,C:\Users\joeyh\Documents\Python Projects\python-unit-performance-testing\examples\example_code.py,55,x,2,6.8e-06,4.09e-05,0.015008
50507,WBYRWW9IACR4,exploratory performance test,ARASD4G1,say_my_name_and_more,1620749614,2021-05-11 18:13:33.970386,C:\Users\joeyh\Documents\Python Projects\python-unit-performance-testing\examples\example_code.py,31,capitalize_name,C:\Users\joeyh\Documents\Python Projects\python-unit-performance-testing\examples\example_code.py,24,say_my_name_and_more,1,9.5e-06,1.32e-05,0.015008
50516,WBYRWW9IACR4,exploratory performance test,ARASD4G1,say_my_name_and_more,1620749614,2021-05-11 18:13:33.970386,C:\Users\joeyh\Documents\Python Projects\python-unit-performance-testing\examples\example_code.py,87,lowercase_name,C:\Users\joeyh\Documents\Python Projects\python-unit-performance-testing\examples\example_code.py,24,say_my_name_and_more,1,5e-06,5.8e-06,0.015008
50515,WBYRWW9IACR4,exploratory performance test,ARASD4G1,say_my_name_and_more,1620749614,2021-05-11 18:13:33.970386,C:\Users\joeyh\Documents\Python Projects\python-unit-performance-testing\examples\example_code.py,78,uppercase_name,C:\Users\joeyh\Documents\Python Projects\python-unit-performance-testing\examples\example_code.py,24,say_my_name_and_more,1,3.9e-06,5.1e-06,0.015008
50518,WBYRWW9IACR4,exploratory performance test,ARASD4G1,say_my_name_and_more,1620749614,2021-05-11 18:13:33.970386,~,0,<method 'capitalize' of 'str' objects>,C:\Users\joeyh\Documents\Python Projects\python-unit-performance-testing\examples\example_code.py,31,capitalize_name,1,3.7e-06,3.7e-06,0.015008
50513,WBYRWW9IACR4,exploratory performance test,ARASD4G1,say_my_name_and_more,1620749614,2021-05-11 18:13:33.970386,C:\Users\joeyh\Documents\Python Projects\python-unit-performance-testing\examples\example_code.py,64,foo,C:\Users\joeyh\Documents\Python Projects\python-unit-performance-testing\examples\example_code.py,59,y,2,1.5e-06,1.5e-06,0.015008
50520,WBYRWW9IACR4,exploratory performance test,ARASD4G1,say_my_name_and_more,1620749614,2021-05-11 18:13:33.970386,~,0,<method 'upper' of 'str' objects>,C:\Users\joeyh\Documents\Python Projects\python-unit-performance-testing\examples\example_code.py,78,uppercase_name,1,1.2e-06,1.2e-06,0.015008
50521,WBYRWW9IACR4,exploratory performance test,ARASD4G1,say_my_name_and_more,1620749614,2021-05-11 18:13:33.970386,~,0,<built-in method builtins.len>,C:\Users\joeyh\Documents\Python Projects\python-unit-performance-testing\examples\example_code.py,40,length_of_name,2,1.2e-06,1.2e-06,0.015008
50519,WBYRWW9IACR4,exploratory performance test,ARASD4G1,say_my_name_and_more,1620749614,2021-05-11 18:13:33.970386,~,0,<method 'lower' of 'str' objects>,C:\Users\joeyh\Documents\Python Projects\python-unit-performance-testing\examples\example_code.py,87,lowercase_name,1,8e-07,8e-07,0.015008
50525,WBYRWW9IACR4,exploratory performance test,PGT1JIZ8,say_my_name_and_more,1620749614,2021-05-11 18:13:34.001356,C:\Users\joeyh\Documents\Python Projects\python-unit-performance-testing\examples\example_code.py,24,say_my_name_and_more,~,0,PGT1JIZ8,1,1.32e-05,0.0020302,0.00301027
50533,WBYRWW9IACR4,exploratory performance test,PGT1JIZ8,say_my_name_and_more,1620749614,2021-05-11 18:13:34.001356,C:\Users\joeyh\Documents\Python Projects\python-unit-performance-testing\examples\example_code.py,68,sleep_based_on_name_length,C:\Users\joeyh\Documents\Python Projects\python-unit-performance-testing\examples\example_code.py,24,say_my_name_and_more,1,4.7e-06,0.0019512,0.00301027
50536,WBYRWW9IACR4,exploratory performance test,PGT1JIZ8,say_my_name_and_more,1620749614,2021-05-11 18:13:34.001356,~,0,<built-in method time.sleep>,C:\Users\joeyh\Documents\Python Projects\python-unit-performance-testing\examples\example_code.py,68,sleep_based_on_name_length,1,0.0019319,0.0019319,0.00301027
50541,WBYRWW9IACR4,exploratory performance test,PGT1JIZ8,say_my_name_and_more,1620749614,2021-05-11 18:13:34.001356,~,0,<built-in method builtins.print>,C:\Users\joeyh\Documents\Python Projects\python-unit-performance-testing\examples\example_code.py,24,say_my_name_and_more,8,5.92e-05,5.92e-05,0.00301027
50542,WBYRWW9IACR4,exploratory performance test,PGT1JIZ8,say_my_name_and_more,1620749614,2021-05-11 18:13:34.001356,~,0,<built-in method builtins.print>,C:\Users\joeyh\Documents\Python Projects\python-unit-performance-testing\examples\example_code.py,51,show_message_when_name_very_long,8,5.92e-05,5.92e-05,0.00301027
50543,WBYRWW9IACR4,exploratory performance test,PGT1JIZ8,say_my_name_and_more,1620749614,2021-05-11 18:13:34.001356,~,0,<built-in method builtins.print>,C:\Users\joeyh\Documents\Python Projects\python-unit-performance-testing\examples\example_code.py,59,y,8,5.92e-05,5.92e-05,0.00301027
50527,WBYRWW9IACR4,exploratory performance test,PGT1JIZ8,say_my_name_and_more,1620749614,2021-05-11 18:13:34.001356,C:\Users\joeyh\Documents\Python Projects\python-unit-performance-testing\examples\example_code.py,40,length_of_name,C:\Users\joeyh\Documents\Python Projects\python-unit-performance-testing\examples\example_code.py,24,say_my_name_and_more,2,3.6e-06,3.44e-05,0.00301027
50528,WBYRWW9IACR4,exploratory performance test,PGT1JIZ8,say_my_name_and_more,1620749614,2021-05-11 18:13:34.001356,C:\Users\joeyh\Documents\Python Projects\python-unit-performance-testing\examples\example_code.py,40,length_of_name,C:\Users\joeyh\Documents\Python Projects\python-unit-performance-testing\examples\example_code.py,68,sleep_based_on_name_length,2,3.6e-06,3.44e-05,0.00301027
50529,WBYRWW9IACR4,exploratory performance test,PGT1JIZ8,say_my_name_and_more,1620749614,2021-05-11 18:13:34.001356,C:\Users\joeyh\Documents\Python Projects\python-unit-performance-testing\examples\example_code.py,51,show_message_when_name_very_long,C:\Users\joeyh\Documents\Python Projects\python-unit-performance-testing\examples\example_code.py,40,length_of_name,2,2.5e-06,3.03e-05,0.00301027
50530,WBYRWW9IACR4,exploratory performance test,PGT1JIZ8,say_my_name_and_more,1620749614,2021-05-11 18:13:34.001356,C:\Users\joeyh\Documents\Python Projects\python-unit-performance-testing\examples\example_code.py,55,x,C:\Users\joeyh\Documents\Python Projects\python-unit-performance-testing\examples\example_code.py,51,show_message_when_name_very_long,2,1.8e-06,1.6e-05,0.00301027
50531,WBYRWW9IACR4,exploratory performance test,PGT1JIZ8,say_my_name_and_more,1620749614,2021-05-11 18:13:34.001356,C:\Users\joeyh\Documents\Python Projects\python-unit-performance-testing\examples\example_code.py,59,y,C:\Users\joeyh\Documents\Python Projects\python-unit-performance-testing\examples\example_code.py,55,x,2,2.7e-06,1.42e-05,0.00301027
50526,WBYRWW9IACR4,exploratory performance test,PGT1JIZ8,say_my_name_and_more,1620749614,2021-05-11 18:13:34.001356,C:\Users\joeyh\Documents\Python Projects\python-unit-performance-testing\examples\example_code.py,31,capitalize_name,C:\Users\joeyh\Documents\Python Projects\python-unit-performance-testing\examples\example_code.py,24,say_my_name_and_more,1,3.7e-06,5.2e-06,0.00301027
50535,WBYRWW9IACR4,exploratory performance test,PGT1JIZ8,say_my_name_and_more,1620749614,2021-05-11 18:13:34.001356,C:\Users\joeyh\Documents\Python Projects\python-unit-performance-testing\examples\example_code.py,87,lowercase_name,C:\Users\joeyh\Documents\Python Projects\python-unit-performance-testing\examples\example_code.py,24,say_my_name_and_more,1,2.2e-06,2.4e-06,0.00301027
50534,WBYRWW9IACR4,exploratory performance test,PGT1JIZ8,say_my_name_and_more,1620749614,2021-05-11 18:13:34.001356,C:\Users\joeyh\Documents\Python Projects\python-unit-performance-testing\examples\example_code.py,78,uppercase_name,C:\Users\joeyh\Documents\Python Projects\python-unit-performance-testing\examples\example_code.py,24,say_my_name_and_more,1,1.6e-06,2e-06,0.00301027
50537,WBYRWW9IACR4,exploratory performance test,PGT1JIZ8,say_my_name_and_more,1620749614,2021-05-11 18:13:34.001356,~,0,<method 'capitalize' of 'str' objects>,C:\Users\joeyh\Documents\Python Projects\python-unit-performance-testing\examples\example_code.py,31,capitalize_name,1,1.5e-06,1.5e-06,0.00301027
50532,WBYRWW9IACR4,exploratory performance test,PGT1JIZ8,say_my_name_and_more,1620749614,2021-05-11 18:13:34.001356,C:\Users\joeyh\Documents\Python Projects\python-unit-performance-testing\examples\example_code.py,64,foo,C:\Users\joeyh\Documents\Python Projects\python-unit-performance-testing\examples\example_code.py,59,y,2,5e-07,5e-07,0.00301027
50540,WBYRWW9IACR4,exploratory performance test,PGT1JIZ8,say_my_name_and_more,1620749614,2021-05-11 18:13:34.001356,~,0,<built-in method builtins.len>,C:\Users\joeyh\Documents\Python Projects\python-unit-performance-testing\examples\example_code.py,40,length_of_name,2,5e-07,5e-07,0.00301027
50539,WBYRWW9IACR4,exploratory performance test,PGT1JIZ8,say_my_name_and_more,1620749614,2021-05-11 18:13:34.001356,~,0,<method 'upper' of 'str' objects>,C:\Users\joeyh\Documents\Python Projects\python-unit-performance-testing\examples\example_code.py,78,uppercase_name,1,4e-07,4e-07,0.00301027
50538,WBYRWW9IACR4,exploratory performance test,PGT1JIZ8,say_my_name_and_more,1620749614,2021-05-11 18:13:34.001356,~,0,<method 'lower' of 'str' objects>,C:\Users\joeyh\Documents\Python Projects\python-unit-performance-testing\examples\example_code.py,87,lowercase_name,1,2e-07,2e-07,0.00301027
50544,WBYRWW9IACR4,exploratory performance test,NWGLADQ9,say_my_name_and_more,1620749614,2021-05-11 18:13:34.048531,C:\Users\joeyh\Documents\Python Projects\python-unit-performance-testing\examples\example_code.py,24,say_my_name_and_more,~,0,NWGLADQ9,1,1.18e-05,0.0137561,0.0140488
50552,WBYRWW9IACR4,exploratory performance test,NWGLADQ9,say_my_name_and_more,1620749614,2021-05-11 18:13:34.048531,C:\Users\joeyh\Documents\Python Projects\python-unit-performance-testing\examples\example_code.py,68,sleep_based_on_name_length,C:\Users\joeyh\Documents\Python Projects\python-unit-performance-testing\examples\example_code.py,24,say_my_name_and_more,1,4.9e-06,0.0136798,0.0140488
50555,WBYRWW9IACR4,exploratory performance test,NWGLADQ9,say_my_name_and_more,1620749614,2021-05-11 18:13:34.048531,~,0,<built-in method time.sleep>,C:\Users\joeyh\Documents\Python Projects\python-unit-performance-testing\examples\example_code.py,68,sleep_based_on_name_length,1,0.0136599,0.0136599,0.0140488
50560,WBYRWW9IACR4,exploratory performance test,NWGLADQ9,say_my_name_and_more,1620749614,2021-05-11 18:13:34.048531,~,0,<built-in method builtins.print>,C:\Users\joeyh\Documents\Python Projects\python-unit-performance-testing\examples\example_code.py,24,say_my_name_and_more,8,5.72e-05,5.72e-05,0.0140488
50561,WBYRWW9IACR4,exploratory performance test,NWGLADQ9,say_my_name_and_more,1620749614,2021-05-11 18:13:34.048531,~,0,<built-in method builtins.print>,C:\Users\joeyh\Documents\Python Projects\python-unit-performance-testing\examples\example_code.py,51,show_message_when_name_very_long,8,5.72e-05,5.72e-05,0.0140488
50562,WBYRWW9IACR4,exploratory performance test,NWGLADQ9,say_my_name_and_more,1620749614,2021-05-11 18:13:34.048531,~,0,<built-in method builtins.print>,C:\Users\joeyh\Documents\Python Projects\python-unit-performance-testing\examples\example_code.py,59,y,8,5.72e-05,5.72e-05,0.0140488
50546,WBYRWW9IACR4,exploratory performance test,NWGLADQ9,say_my_name_and_more,1620749614,2021-05-11 18:13:34.048531,C:\Users\joeyh\Documents\Python Projects\python-unit-performance-testing\examples\example_code.py,40,length_of_name,C:\Users\joeyh\Documents\Python Projects\python-unit-performance-testing\examples\example_code.py,24,say_my_name_and_more,2,3.8e-06,3.47e-05,0.0140488
50547,WBYRWW9IACR4,exploratory performance test,NWGLADQ9,say_my_name_and_more,1620749614,2021-05-11 18:13:34.048531,C:\Users\joeyh\Documents\Python Projects\python-unit-performance-testing\examples\example_code.py,40,length_of_name,C:\Users\joeyh\Documents\Python Projects\python-unit-performance-testing\examples\example_code.py,68,sleep_based_on_name_length,2,3.8e-06,3.47e-05,0.0140488
50548,WBYRWW9IACR4,exploratory performance test,NWGLADQ9,say_my_name_and_more,1620749614,2021-05-11 18:13:34.048531,C:\Users\joeyh\Documents\Python Projects\python-unit-performance-testing\examples\example_code.py,51,show_message_when_name_very_long,C:\Users\joeyh\Documents\Python Projects\python-unit-performance-testing\examples\example_code.py,40,length_of_name,2,2.8e-06,3.05e-05,0.0140488
50549,WBYRWW9IACR4,exploratory performance test,NWGLADQ9,say_my_name_and_more,1620749614,2021-05-11 18:13:34.048531,C:\Users\joeyh\Documents\Python Projects\python-unit-performance-testing\examples\example_code.py,55,x,C:\Users\joeyh\Documents\Python Projects\python-unit-performance-testing\examples\example_code.py,51,show_message_when_name_very_long,2,1.7e-06,1.61e-05,0.0140488
50550,WBYRWW9IACR4,exploratory performance test,NWGLADQ9,say_my_name_and_more,1620749614,2021-05-11 18:13:34.048531,C:\Users\joeyh\Documents\Python Projects\python-unit-performance-testing\examples\example_code.py,59,y,C:\Users\joeyh\Documents\Python Projects\python-unit-performance-testing\examples\example_code.py,55,x,2,2.5e-06,1.44e-05,0.0140488
50545,WBYRWW9IACR4,exploratory performance test,NWGLADQ9,say_my_name_and_more,1620749614,2021-05-11 18:13:34.048531,C:\Users\joeyh\Documents\Python Projects\python-unit-performance-testing\examples\example_code.py,31,capitalize_name,C:\Users\joeyh\Documents\Python Projects\python-unit-performance-testing\examples\example_code.py,24,say_my_name_and_more,1,4.2e-06,5.8e-06,0.0140488
50554,WBYRWW9IACR4,exploratory performance test,NWGLADQ9,say_my_name_and_more,1620749614,2021-05-11 18:13:34.048531,C:\Users\joeyh\Documents\Python Projects\python-unit-performance-testing\examples\example_code.py,87,lowercase_name,C:\Users\joeyh\Documents\Python Projects\python-unit-performance-testing\examples\example_code.py,24,say_my_name_and_more,1,2.3e-06,2.7e-06,0.0140488
50553,WBYRWW9IACR4,exploratory performance test,NWGLADQ9,say_my_name_and_more,1620749614,2021-05-11 18:13:34.048531,C:\Users\joeyh\Documents\Python Projects\python-unit-performance-testing\examples\example_code.py,78,uppercase_name,C:\Users\joeyh\Documents\Python Projects\python-unit-performance-testing\examples\example_code.py,24,say_my_name_and_more,1,1.5e-06,1.9e-06,0.0140488
50556,WBYRWW9IACR4,exploratory performance test,NWGLADQ9,say_my_name_and_more,1620749614,2021-05-11 18:13:34.048531,~,0,<method 'capitalize' of 'str' objects>,C:\Users\joeyh\Documents\Python Projects\python-unit-performance-testing\examples\example_code.py,31,capitalize_name,1,1.6e-06,1.6e-06,0.0140488
50551,WBYRWW9IACR4,exploratory performance test,NWGLADQ9,say_my_name_and_more,1620749614,2021-05-11 18:13:34.048531,C:\Users\joeyh\Documents\Python Projects\python-unit-performance-testing\examples\example_code.py,64,foo,C:\Users\joeyh\Documents\Python Projects\python-unit-performance-testing\examples\example_code.py,59,y,2,7e-07,7e-07,0.0140488
50557,WBYRWW9IACR4,exploratory performance test,NWGLADQ9,say_my_name_and_more,1620749614,2021-05-11 18:13:34.048531,~,0,<method 'lower' of 'str' objects>,C:\Users\joeyh\Documents\Python Projects\python-unit-performance-testing\examples\example_code.py,87,lowercase_name,1,4e-07,4e-07,0.0140488
50558,WBYRWW9IACR4,exploratory performance test,NWGLADQ9,say_my_name_and_more,1620749614,2021-05-11 18:13:34.048531,~,0,<method 'upper' of 'str' objects>,C:\Users\joeyh\Documents\Python Projects\python-unit-performance-testing\examples\example_code.py,78,uppercase_name,1,4e-07,4e-07,0.0140488
50559,WBYRWW9IACR4,exploratory performance test,NWGLADQ9,say_my_name_and_more,1620749614,2021-05-11 18:13:34.048531,~,0,<built-in method builtins.len>,C:\Users\joeyh\Documents\Python Projects\python-unit-performance-testing\examples\example_code.py,40,length_of_name,2,4e-07,4e-07,0.0140488
50563,WBYRWW9IACR4,exploratory performance test,0GKU57AF,say_my_name_and_more,1620749614,2021-05-11 18:13:34.094699,C:\Users\joeyh\Documents\Python Projects\python-unit-performance-testing\examples\example_code.py,24,say_my_name_and_more,~,0,0GKU57AF,1,2.06e-05,0.0029123,0.00299811
50571,WBYRWW9IACR4,exploratory performance test,0GKU57AF,say_my_name_and_more,1620749614,2021-05-11 18:13:34.094699,C:\Users\joeyh\Documents\Python Projects\python-unit-performance-testing\examples\example_code.py,68,sleep_based_on_name_length,C:\Users\joeyh\Documents\Python Projects\python-unit-performance-testing\examples\example_code.py,24,say_my_name_and_more,1,7.6e-06,0.002792,0.00299811
50574,WBYRWW9IACR4,exploratory performance test,0GKU57AF,say_my_name_and_more,1620749614,2021-05-11 18:13:34.094699,~,0,<built-in method time.sleep>,C:\Users\joeyh\Documents\Python Projects\python-unit-performance-testing\examples\example_code.py,68,sleep_based_on_name_length,1,0.0027587,0.0027587,0.00299811
50579,WBYRWW9IACR4,exploratory performance test,0GKU57AF,say_my_name_and_more,1620749614,2021-05-11 18:13:34.094699,~,0,<built-in method builtins.print>,C:\Users\joeyh\Documents\Python Projects\python-unit-performance-testing\examples\example_code.py,24,say_my_name_and_more,8,9.25e-05,9.25e-05,0.00299811
50580,WBYRWW9IACR4,exploratory performance test,0GKU57AF,say_my_name_and_more,1620749614,2021-05-11 18:13:34.094699,~,0,<built-in method builtins.print>,C:\Users\joeyh\Documents\Python Projects\python-unit-performance-testing\examples\example_code.py,51,show_message_when_name_very_long,8,9.25e-05,9.25e-05,0.00299811
50581,WBYRWW9IACR4,exploratory performance test,0GKU57AF,say_my_name_and_more,1620749614,2021-05-11 18:13:34.094699,~,0,<built-in method builtins.print>,C:\Users\joeyh\Documents\Python Projects\python-unit-performance-testing\examples\example_code.py,59,y,8,9.25e-05,9.25e-05,0.00299811
50565,WBYRWW9IACR4,exploratory performance test,0GKU57AF,say_my_name_and_more,1620749614,2021-05-11 18:13:34.094699,C:\Users\joeyh\Documents\Python Projects\python-unit-performance-testing\examples\example_code.py,40,length_of_name,C:\Users\joeyh\Documents\Python Projects\python-unit-performance-testing\examples\example_code.py,24,say_my_name_and_more,2,5.9e-06,5.84e-05,0.00299811
50566,WBYRWW9IACR4,exploratory performance test,0GKU57AF,say_my_name_and_more,1620749614,2021-05-11 18:13:34.094699,C:\Users\joeyh\Documents\Python Projects\python-unit-performance-testing\examples\example_code.py,40,length_of_name,C:\Users\joeyh\Documents\Python Projects\python-unit-performance-testing\examples\example_code.py,68,sleep_based_on_name_length,2,5.9e-06,5.84e-05,0.00299811
50567,WBYRWW9IACR4,exploratory performance test,0GKU57AF,say_my_name_and_more,1620749614,2021-05-11 18:13:34.094699,C:\Users\joeyh\Documents\Python Projects\python-unit-performance-testing\examples\example_code.py,51,show_message_when_name_very_long,C:\Users\joeyh\Documents\Python Projects\python-unit-performance-testing\examples\example_code.py,40,length_of_name,2,3.8e-06,5.15e-05,0.00299811
50568,WBYRWW9IACR4,exploratory performance test,0GKU57AF,say_my_name_and_more,1620749614,2021-05-11 18:13:34.094699,C:\Users\joeyh\Documents\Python Projects\python-unit-performance-testing\examples\example_code.py,55,x,C:\Users\joeyh\Documents\Python Projects\python-unit-performance-testing\examples\example_code.py,51,show_message_when_name_very_long,2,2.5e-06,2.7e-05,0.00299811
50569,WBYRWW9IACR4,exploratory performance test,0GKU57AF,say_my_name_and_more,1620749614,2021-05-11 18:13:34.094699,C:\Users\joeyh\Documents\Python Projects\python-unit-performance-testing\examples\example_code.py,59,y,C:\Users\joeyh\Documents\Python Projects\python-unit-performance-testing\examples\example_code.py,55,x,2,4e-06,2.45e-05,0.00299811
50564,WBYRWW9IACR4,exploratory performance test,0GKU57AF,say_my_name_and_more,1620749614,2021-05-11 18:13:34.094699,C:\Users\joeyh\Documents\Python Projects\python-unit-performance-testing\examples\example_code.py,31,capitalize_name,C:\Users\joeyh\Documents\Python Projects\python-unit-performance-testing\examples\example_code.py,24,say_my_name_and_more,1,5.7e-06,7.8e-06,0.00299811
50573,WBYRWW9IACR4,exploratory performance test,0GKU57AF,say_my_name_and_more,1620749614,2021-05-11 18:13:34.094699,C:\Users\joeyh\Documents\Python Projects\python-unit-performance-testing\examples\example_code.py,87,lowercase_name,C:\Users\joeyh\Documents\Python Projects\python-unit-performance-testing\examples\example_code.py,24,say_my_name_and_more,1,3.4e-06,3.8e-06,0.00299811
50572,WBYRWW9IACR4,exploratory performance test,0GKU57AF,say_my_name_and_more,1620749614,2021-05-11 18:13:34.094699,C:\Users\joeyh\Documents\Python Projects\python-unit-performance-testing\examples\example_code.py,78,uppercase_name,C:\Users\joeyh\Documents\Python Projects\python-unit-performance-testing\examples\example_code.py,24,say_my_name_and_more,1,2.3e-06,2.8e-06,0.00299811
50575,WBYRWW9IACR4,exploratory performance test,0GKU57AF,say_my_name_and_more,1620749614,2021-05-11 18:13:34.094699,~,0,<method 'capitalize' of 'str' objects>,C:\Users\joeyh\Documents\Python Projects\python-unit-performance-testing\examples\example_code.py,31,capitalize_name,1,2.1e-06,2.1e-06,0.00299811
50570,WBYRWW9IACR4,exploratory performance test,0GKU57AF,say_my_name_and_more,1620749614,2021-05-11 18:13:34.094699,C:\Users\joeyh\Documents\Python Projects\python-unit-performance-testing\examples\example_code.py,64,foo,C:\Users\joeyh\Documents\Python Projects\python-unit-performance-testing\examples\example_code.py,59,y,2,1.3e-06,1.3e-06,0.00299811
50578,WBYRWW9IACR4,exploratory performance test,0GKU57AF,say_my_name_and_more,1620749614,2021-05-11 18:13:34.094699,~,0,<built-in method builtins.len>,C:\Users\joeyh\Documents\Python Projects\python-unit-performance-testing\examples\example_code.py,40,length_of_name,2,1e-06,1e-06,0.00299811
50577,WBYRWW9IACR4,exploratory performance test,0GKU57AF,say_my_name_and_more,1620749614,2021-05-11 18:13:34.094699,~,0,<method 'upper' of 'str' objects>,C:\Users\joeyh\Documents\Python Projects\python-unit-performance-testing\examples\example_code.py,78,uppercase_name,1,5e-07,5e-07,0.00299811
50576,WBYRWW9IACR4,exploratory performance test,0GKU57AF,say_my_name_and_more,1620749614,2021-05-11 18:13:34.094699,~,0,<method 'lower' of 'str' objects>,C:\Users\joeyh\Documents\Python Projects\python-unit-performance-testing\examples\example_code.py,87,lowercase_name,1,4e-07,4e-07,0.00299811
50582,WBYRWW9IACR4,exploratory performance test,1VFAZAYQ,say_my_name_and_more,1620749614,2021-05-11 18:13:34.126695,C:\Users\joeyh\Documents\Python Projects\python-unit-performance-testing\examples\example_code.py,24,say_my_name_and_more,~,0,1VFAZAYQ,1,1.33e-05,0.0052197,0.00599647
50590,WBYRWW9IACR4,exploratory performance test,1VFAZAYQ,say_my_name_and_more,1620749614,2021-05-11 18:13:34.126695,C:\Users\joeyh\Documents\Python Projects\python-unit-performance-testing\examples\example_code.py,68,sleep_based_on_name_length,C:\Users\joeyh\Documents\Python Projects\python-unit-performance-testing\examples\example_code.py,24,say_my_name_and_more,1,4.6e-06,0.0051397,0.00599647
50593,WBYRWW9IACR4,exploratory performance test,1VFAZAYQ,say_my_name_and_more,1620749614,2021-05-11 18:13:34.126695,~,0,<built-in method time.sleep>,C:\Users\joeyh\Documents\Python Projects\python-unit-performance-testing\examples\example_code.py,68,sleep_based_on_name_length,1,0.0051194,0.0051194,0.00599647
50598,WBYRWW9IACR4,exploratory performance test,1VFAZAYQ,say_my_name_and_more,1620749614,2021-05-11 18:13:34.126695,~,0,<built-in method builtins.print>,C:\Users\joeyh\Documents\Python Projects\python-unit-performance-testing\examples\example_code.py,24,say_my_name_and_more,8,6.01e-05,6.01e-05,0.00599647
50599,WBYRWW9IACR4,exploratory performance test,1VFAZAYQ,say_my_name_and_more,1620749614,2021-05-11 18:13:34.126695,~,0,<built-in method builtins.print>,C:\Users\joeyh\Documents\Python Projects\python-unit-performance-testing\examples\example_code.py,51,show_message_when_name_very_long,8,6.01e-05,6.01e-05,0.00599647
50600,WBYRWW9IACR4,exploratory performance test,1VFAZAYQ,say_my_name_and_more,1620749614,2021-05-11 18:13:34.126695,~,0,<built-in method builtins.print>,C:\Users\joeyh\Documents\Python Projects\python-unit-performance-testing\examples\example_code.py,59,y,8,6.01e-05,6.01e-05,0.00599647
50584,WBYRWW9IACR4,exploratory performance test,1VFAZAYQ,say_my_name_and_more,1620749614,2021-05-11 18:13:34.126695,C:\Users\joeyh\Documents\Python Projects\python-unit-performance-testing\examples\example_code.py,40,length_of_name,C:\Users\joeyh\Documents\Python Projects\python-unit-performance-testing\examples\example_code.py,24,say_my_name_and_more,2,3.9e-06,3.66e-05,0.00599647
50585,WBYRWW9IACR4,exploratory performance test,1VFAZAYQ,say_my_name_and_more,1620749614,2021-05-11 18:13:34.126695,C:\Users\joeyh\Documents\Python Projects\python-unit-performance-testing\examples\example_code.py,40,length_of_name,C:\Users\joeyh\Documents\Python Projects\python-unit-performance-testing\examples\example_code.py,68,sleep_based_on_name_length,2,3.9e-06,3.66e-05,0.00599647
50586,WBYRWW9IACR4,exploratory performance test,1VFAZAYQ,say_my_name_and_more,1620749614,2021-05-11 18:13:34.126695,C:\Users\joeyh\Documents\Python Projects\python-unit-performance-testing\examples\example_code.py,51,show_message_when_name_very_long,C:\Users\joeyh\Documents\Python Projects\python-unit-performance-testing\examples\example_code.py,40,length_of_name,2,2.6e-06,3.22e-05,0.00599647
50587,WBYRWW9IACR4,exploratory performance test,1VFAZAYQ,say_my_name_and_more,1620749614,2021-05-11 18:13:34.126695,C:\Users\joeyh\Documents\Python Projects\python-unit-performance-testing\examples\example_code.py,55,x,C:\Users\joeyh\Documents\Python Projects\python-unit-performance-testing\examples\example_code.py,51,show_message_when_name_very_long,2,1.8e-06,1.69e-05,0.00599647
50588,WBYRWW9IACR4,exploratory performance test,1VFAZAYQ,say_my_name_and_more,1620749614,2021-05-11 18:13:34.126695,C:\Users\joeyh\Documents\Python Projects\python-unit-performance-testing\examples\example_code.py,59,y,C:\Users\joeyh\Documents\Python Projects\python-unit-performance-testing\examples\example_code.py,55,x,2,2.8e-06,1.51e-05,0.00599647
50583,WBYRWW9IACR4,exploratory performance test,1VFAZAYQ,say_my_name_and_more,1620749614,2021-05-11 18:13:34.126695,C:\Users\joeyh\Documents\Python Projects\python-unit-performance-testing\examples\example_code.py,31,capitalize_name,C:\Users\joeyh\Documents\Python Projects\python-unit-performance-testing\examples\example_code.py,24,say_my_name_and_more,1,3.8e-06,5.3e-06,0.00599647
50592,WBYRWW9IACR4,exploratory performance test,1VFAZAYQ,say_my_name_and_more,1620749614,2021-05-11 18:13:34.126695,C:\Users\joeyh\Documents\Python Projects\python-unit-performance-testing\examples\example_code.py,87,lowercase_name,C:\Users\joeyh\Documents\Python Projects\python-unit-performance-testing\examples\example_code.py,24,say_my_name_and_more,1,2.3e-06,2.6e-06,0.00599647
50591,WBYRWW9IACR4,exploratory performance test,1VFAZAYQ,say_my_name_and_more,1620749614,2021-05-11 18:13:34.126695,C:\Users\joeyh\Documents\Python Projects\python-unit-performance-testing\examples\example_code.py,78,uppercase_name,C:\Users\joeyh\Documents\Python Projects\python-unit-performance-testing\examples\example_code.py,24,say_my_name_and_more,1,1.7e-06,2.1e-06,0.00599647
50594,WBYRWW9IACR4,exploratory performance test,1VFAZAYQ,say_my_name_and_more,1620749614,2021-05-11 18:13:34.126695,~,0,<method 'capitalize' of 'str' objects>,C:\Users\joeyh\Documents\Python Projects\python-unit-performance-testing\examples\example_code.py,31,capitalize_name,1,1.5e-06,1.5e-06,0.00599647
50589,WBYRWW9IACR4,exploratory performance test,1VFAZAYQ,say_my_name_and_more,1620749614,2021-05-11 18:13:34.126695,C:\Users\joeyh\Documents\Python Projects\python-unit-performance-testing\examples\example_code.py,64,foo,C:\Users\joeyh\Documents\Python Projects\python-unit-performance-testing\examples\example_code.py,59,y,2,7e-07,7e-07,0.00599647
50597,WBYRWW9IACR4,exploratory performance test,1VFAZAYQ,say_my_name_and_more,1620749614,2021-05-11 18:13:34.126695,~,0,<built-in method builtins.len>,C:\Users\joeyh\Documents\Python Projects\python-unit-performance-testing\examples\example_code.py,40,length_of_name,2,5e-07,5e-07,0.00599647
50596,WBYRWW9IACR4,exploratory performance test,1VFAZAYQ,say_my_name_and_more,1620749614,2021-05-11 18:13:34.126695,~,0,<method 'upper' of 'str' objects>,C:\Users\joeyh\Documents\Python Projects\python-unit-performance-testing\examples\example_code.py,78,uppercase_name,1,4e-07,4e-07,0.00599647
50595,WBYRWW9IACR4,exploratory performance test,1VFAZAYQ,say_my_name_and_more,1620749614,2021-05-11 18:13:34.126695,~,0,<method 'lower' of 'str' objects>,C:\Users\joeyh\Documents\Python Projects\python-unit-performance-testing\examples\example_code.py,87,lowercase_name,1,3e-07,3e-07,0.00599647
50601,WBYRWW9IACR4,exploratory performance test,37SP6G9R,say_my_name_and_more,1620749614,2021-05-11 18:13:34.158675,C:\Users\joeyh\Documents\Python Projects\python-unit-performance-testing\examples\example_code.py,24,say_my_name_and_more,~,0,37SP6G9R,1,1.21e-05,0.0117131,0.0119946
50609,WBYRWW9IACR4,exploratory performance test,37SP6G9R,say_my_name_and_more,1620749614,2021-05-11 18:13:34.158675,C:\Users\joeyh\Documents\Python Projects\python-unit-performance-testing\examples\example_code.py,68,sleep_based_on_name_length,C:\Users\joeyh\Documents\Python Projects\python-unit-performance-testing\examples\example_code.py,24,say_my_name_and_more,1,4.5e-06,0.0116542,0.0119946
50612,WBYRWW9IACR4,exploratory performance test,37SP6G9R,say_my_name_and_more,1620749614,2021-05-11 18:13:34.158675,~,0,<built-in method time.sleep>,C:\Users\joeyh\Documents\Python Projects\python-unit-performance-testing\examples\example_code.py,68,sleep_based_on_name_length,1,0.0116402,0.0116402,0.0119946
50617,WBYRWW9IACR4,exploratory performance test,37SP6G9R,say_my_name_and_more,1620749614,2021-05-11 18:13:34.158675,~,0,<built-in method builtins.print>,C:\Users\joeyh\Documents\Python Projects\python-unit-performance-testing\examples\example_code.py,24,say_my_name_and_more,8,4.01e-05,4.01e-05,0.0119946
50618,WBYRWW9IACR4,exploratory performance test,37SP6G9R,say_my_name_and_more,1620749614,2021-05-11 18:13:34.158675,~,0,<built-in method builtins.print>,C:\Users\joeyh\Documents\Python Projects\python-unit-performance-testing\examples\example_code.py,51,show_message_when_name_very_long,8,4.01e-05,4.01e-05,0.0119946
50619,WBYRWW9IACR4,exploratory performance test,37SP6G9R,say_my_name_and_more,1620749614,2021-05-11 18:13:34.158675,~,0,<built-in method builtins.print>,C:\Users\joeyh\Documents\Python Projects\python-unit-performance-testing\examples\example_code.py,59,y,8,4.01e-05,4.01e-05,0.0119946
50603,WBYRWW9IACR4,exploratory performance test,37SP6G9R,say_my_name_and_more,1620749614,2021-05-11 18:13:34.158675,C:\Users\joeyh\Documents\Python Projects\python-unit-performance-testing\examples\example_code.py,40,length_of_name,C:\Users\joeyh\Documents\Python Projects\python-unit-performance-testing\examples\example_code.py,24,say_my_name_and_more,2,2.8e-06,2.37e-05,0.0119946
50604,WBYRWW9IACR4,exploratory performance test,37SP6G9R,say_my_name_and_more,1620749614,2021-05-11 18:13:34.158675,C:\Users\joeyh\Documents\Python Projects\python-unit-performance-testing\examples\example_code.py,40,length_of_name,C:\Users\joeyh\Documents\Python Projects\python-unit-performance-testing\examples\example_code.py,68,sleep_based_on_name_length,2,2.8e-06,2.37e-05,0.0119946
50605,WBYRWW9IACR4,exploratory performance test,37SP6G9R,say_my_name_and_more,1620749614,2021-05-11 18:13:34.158675,C:\Users\joeyh\Documents\Python Projects\python-unit-performance-testing\examples\example_code.py,51,show_message_when_name_very_long,C:\Users\joeyh\Documents\Python Projects\python-unit-performance-testing\examples\example_code.py,40,length_of_name,2,1.7e-06,2.06e-05,0.0119946
50606,WBYRWW9IACR4,exploratory performance test,37SP6G9R,say_my_name_and_more,1620749614,2021-05-11 18:13:34.158675,C:\Users\joeyh\Documents\Python Projects\python-unit-performance-testing\examples\example_code.py,55,x,C:\Users\joeyh\Documents\Python Projects\python-unit-performance-testing\examples\example_code.py,51,show_message_when_name_very_long,2,1.3e-06,1.1e-05,0.0119946
50607,WBYRWW9IACR4,exploratory performance test,37SP6G9R,say_my_name_and_more,1620749614,2021-05-11 18:13:34.158675,C:\Users\joeyh\Documents\Python Projects\python-unit-performance-testing\examples\example_code.py,59,y,C:\Users\joeyh\Documents\Python Projects\python-unit-performance-testing\examples\example_code.py,55,x,2,1.8e-06,9.7e-06,0.0119946
50602,WBYRWW9IACR4,exploratory performance test,37SP6G9R,say_my_name_and_more,1620749614,2021-05-11 18:13:34.158675,C:\Users\joeyh\Documents\Python Projects\python-unit-performance-testing\examples\example_code.py,31,capitalize_name,C:\Users\joeyh\Documents\Python Projects\python-unit-performance-testing\examples\example_code.py,24,say_my_name_and_more,1,3e-06,4.3e-06,0.0119946
50611,WBYRWW9IACR4,exploratory performance test,37SP6G9R,say_my_name_and_more,1620749614,2021-05-11 18:13:34.158675,C:\Users\joeyh\Documents\Python Projects\python-unit-performance-testing\examples\example_code.py,87,lowercase_name,C:\Users\joeyh\Documents\Python Projects\python-unit-performance-testing\examples\example_code.py,24,say_my_name_and_more,1,1.7e-06,1.9e-06,0.0119946
50610,WBYRWW9IACR4,exploratory performance test,37SP6G9R,say_my_name_and_more,1620749614,2021-05-11 18:13:34.158675,C:\Users\joeyh\Documents\Python Projects\python-unit-performance-testing\examples\example_code.py,78,uppercase_name,C:\Users\joeyh\Documents\Python Projects\python-unit-performance-testing\examples\example_code.py,24,say_my_name_and_more,1,1.3e-06,1.6e-06,0.0119946
50613,WBYRWW9IACR4,exploratory performance test,37SP6G9R,say_my_name_and_more,1620749614,2021-05-11 18:13:34.158675,~,0,<method 'capitalize' of 'str' objects>,C:\Users\joeyh\Documents\Python Projects\python-unit-performance-testing\examples\example_code.py,31,capitalize_name,1,1.3e-06,1.3e-06,0.0119946
50608,WBYRWW9IACR4,exploratory performance test,37SP6G9R,say_my_name_and_more,1620749614,2021-05-11 18:13:34.158675,C:\Users\joeyh\Documents\Python Projects\python-unit-performance-testing\examples\example_code.py,64,foo,C:\Users\joeyh\Documents\Python Projects\python-unit-performance-testing\examples\example_code.py,59,y,2,5e-07,5e-07,0.0119946
50615,WBYRWW9IACR4,exploratory performance test,37SP6G9R,say_my_name_and_more,1620749614,2021-05-11 18:13:34.158675,~,0,<method 'upper' of 'str' objects>,C:\Users\joeyh\Documents\Python Projects\python-unit-performance-testing\examples\example_code.py,78,uppercase_name,1,3e-07,3e-07,0.0119946
50616,WBYRWW9IACR4,exploratory performance test,37SP6G9R,say_my_name_and_more,1620749614,2021-05-11 18:13:34.158675,~,0,<built-in method builtins.len>,C:\Users\joeyh\Documents\Python Projects\python-unit-performance-testing\examples\example_code.py,40,length_of_name,2,3e-07,3e-07,0.0119946
50614,WBYRWW9IACR4,exploratory performance test,37SP6G9R,say_my_name_and_more,1620749614,2021-05-11 18:13:34.158675,~,0,<method 'lower' of 'str' objects>,C:\Users\joeyh\Documents\Python Projects\python-unit-performance-testing\examples\example_code.py,87,lowercase_name,1,2e-07,2e-07,0.0119946
